interval,time,set,stroke,kg
103,202910,1,0,0
103,203014,1,0,0
103,203117,1,0,0
103,203220,1,0,0
103,203324,1,0,0
103,203427,1,0,0
103,203531,1,0,-0.01
103,203634,1,0,-0.02
103,203738,1,0,-0.02
102,203841,1,0,-0.02
103,203943,1,0,-0.01
103,204047,1,0,-0.01
103,204150,1,0,0
103,204254,1,0,0
103,204357,1,0,0
103,204461,1,0,0
103,204564,1,0,0
103,204667,1,0,0
103,204771,1,0,0
103,204874,1,0,-0.01
103,204978,1,0,-0.01
123,205081,1,0,-0.01
103,288644,1,0,-0.02
103,288747,1,0,-0.02
103,288851,1,0,-0.02
103,288954,1,0,-0.02
103,289058,1,0,-0.02
103,289161,1,0,-0.02
103,289264,1,0,-0.02
103,289368,1,0,-0.02
103,289471,1,0,-0.02
103,289575,1,0,-0.02
103,289678,1,0,-0.02
103,289782,1,0,-0.02
103,289885,1,0,-0.01
103,289988,1,0,-0.01
103,290092,1,0,-0.01
103,290195,1,0,-0.01
103,290299,1,0,-0.01
103,290402,1,0,-0.01
103,290506,1,0,-0.01
103,290609,1,0,-0.01
103,290712,1,0,-0.01
103,290816,1,0,-0.01
103,291019,1,1,-0.01
103,291123,1,1,-0.01
103,291226,1,1,-0.01
103,291330,1,1,-0.01
103,291433,1,1,-0.01
103,291537,1,1,-0.01
103,291640,1,1,-0.01
104,291743,1,1,-0.01
103,291848,1,1,-0.01
103,291951,1,1,-0.01
103,292055,1,1,-0.01
103,292158,1,1,-0.01
103,292262,1,1,-0.01
103,292365,1,1,-0.01
103,292468,1,1,-0.01
103,292572,1,1,-0.01
103,292675,1,1,-0.01
103,292779,1,1,-0.01
103,292882,1,1,-0.01
103,292986,1,1,-0.01
103,293089,1,1,-0.01
104,293192,1,1,-0.01
103,293297,1,1,-0.01
103,293400,1,1,-0.01
103,293504,1,1,-0.01
103,293607,1,1,-0.01
103,293711,1,1,-0.01
103,293814,1,1,-0.01
103,293917,1,1,-0.01
103,294021,1,1,-0.01
103,294124,1,1,-0.01
103,294228,1,1,-0.01
103,294331,1,1,-0.01
103,294435,1,1,-0.01
103,294538,1,1,-0.01
103,294641,1,1,-0.01
103,294745,1,1,-0.01
103,294848,1,1,-0.01
103,294952,1,1,-0.01
103,295055,1,1,-0.01
103,295159,1,1,-0.01
103,295262,1,1,-0.01
103,295365,1,1,-0.01
103,295469,1,1,-0.01
103,295572,1,1,-0.01
103,295676,1,1,-0.01
103,295779,1,1,-0.01
103,295883,1,1,-0.01
104,295986,1,1,-0.01
103,296090,1,1,-0.01
103,296194,1,1,-0.01
103,296297,1,1,-0.02
103,296401,1,1,-0.02
103,296504,1,1,-0.02
103,296608,1,1,-0.02
103,296711,1,1,-0.02
103,296814,1,1,-0.02
103,296918,1,1,-0.02
103,297021,1,1,-0.02
103,297125,1,1,-0.02
103,297228,1,1,-0.02
103,297332,1,1,-0.02
103,297435,1,1,-0.02
103,297538,1,1,-0.02
103,297642,1,1,0.06
103,297745,1,1,0.42
103,297849,1,1,2.16
103,297952,1,1,2.54
103,298056,1,1,2.74
103,298159,1,1,2.9
103,298262,1,1,3.01
103,298366,1,1,2.86
103,298469,1,1,2.8
103,298573,1,1,2.62
103,298676,1,1,2.1
103,298780,1,1,0.9
103,298883,1,1,-0.02
103,298986,1,1,-0.01
103,299090,1,1,-0.01
103,299193,1,1,-0.01
103,299397,1,2,-0.01
103,299500,1,2,-0.01
103,299604,1,2,-0.02
103,299707,1,2,-0.02
103,299811,1,2,-0.02
103,299914,1,2,-0.02
103,300017,1,2,-0.01
103,300121,1,2,-0.01
103,300224,1,2,-0.01
103,300328,1,2,-0.01
103,300431,1,2,-0.01
103,300535,1,2,-0.02
103,300638,1,2,-0.02
103,300741,1,2,-0.02
103,300845,1,2,-0.02
103,300948,1,2,-0.03
103,301052,1,2,-0.04
103,301155,1,2,-0.01
103,301259,1,2,0
103,301362,1,2,-0.01
103,301465,1,2,-0.01
103,301569,1,2,0
103,301672,1,2,-0.01
103,301776,1,2,-0.01
103,301879,1,2,-0.01
103,301983,1,2,-0.01
103,302086,1,2,-0.02
103,302189,1,2,-0.02
103,302293,1,2,-0.01
103,302396,1,2,-0.01
103,302500,1,2,-0.01
103,302603,1,2,-0.01
103,302707,1,2,-0.01
103,302810,1,2,-0.01
103,302913,1,2,-0.01
103,303017,1,2,-0.02
103,303120,1,2,-0.02
103,303224,1,2,-0.02
103,303327,1,2,-0.02
103,303431,1,2,-0.02
103,303534,1,2,-0.02
103,303637,1,2,-0.02
103,303741,1,2,-0.02
103,303844,1,2,-0.02
103,303948,1,2,-0.02
103,304051,1,2,-0.02
103,304155,1,2,-0.02
103,304258,1,2,-0.02
103,304361,1,2,0.01
103,304465,1,2,0.28
103,304568,1,2,1.08
103,304672,1,2,2.92
103,304775,1,2,3.2
103,304879,1,2,3.32
103,304982,1,2,3.35
103,305085,1,2,3.4
103,305189,1,2,3.51
103,305292,1,2,3.2
103,305396,1,2,2.21
103,305499,1,2,0.76
103,305603,1,2,0.04
103,305706,1,2,-0.01
103,305809,1,2,-0.01
103,306013,1,3,-0.01
103,306116,1,3,-0.01
103,306220,1,3,-0.02
103,306323,1,3,-0.02
103,306427,1,3,-0.02
103,306530,1,3,-0.02
103,306633,1,3,-0.02
103,306737,1,3,0.2
103,306840,1,3,0.96
103,306944,1,3,2.2
103,307047,1,3,3.07
103,307151,1,3,3.45
103,307254,1,3,2.53
103,307358,1,3,1.14
103,307461,1,3,0.15
103,307564,1,3,-0.02
103,307668,1,3,-0.02
103,307871,1,4,-0.01
103,307975,1,4,-0.02
103,308078,1,4,-0.02
103,308182,1,4,-0.02
103,308285,1,4,-0.02
103,308388,1,4,-0.02
103,308492,1,4,0.03
103,308595,1,4,0.52
103,308699,1,4,1.86
103,308802,1,4,3.7
103,308906,1,4,3.59
103,309009,1,4,3.25
103,309112,1,4,2.74
103,309216,1,4,1.39
103,309319,1,4,-0.01
103,309423,1,4,-0.01
103,309526,1,4,-0.02
104,309630,1,4,-0.02
103,309734,1,4,-0.02
103,309838,1,4,-0.02
103,309941,1,4,-0.02
103,310144,1,5,-0.02
103,310248,1,5,-0.02
103,310351,1,5,-0.02
103,310455,1,5,-0.02
103,310558,1,5,-0.02
103,310662,1,5,-0.02
103,310765,1,5,-0.02
103,310868,1,5,-0.02
103,310972,1,5,-0.02
103,311075,1,5,-0.02
103,311179,1,5,0.02
103,311282,1,5,0.55
103,311386,1,5,2.1
103,311489,1,5,4.07
103,311592,1,5,4.3
103,311696,1,5,4.08
103,311799,1,5,3.18
103,311903,1,5,1.57
103,312006,1,5,-0.02
103,312110,1,5,-0.02
103,312313,1,6,-0.01
103,312416,1,6,-0.01
103,312520,1,6,-0.02
103,312623,1,6,-0.02
103,312727,1,6,-0.02
103,312830,1,6,-0.02
103,312934,1,6,0.01
103,313037,1,6,1.08
103,313140,1,6,2.68
103,313244,1,6,3.67
103,313347,1,6,4.12
103,313451,1,6,4.17
103,313554,1,6,1.9
103,313658,1,6,0.31
103,313761,1,6,-0.02
103,313965,1,7,-0.02
103,314068,1,7,-0.02
103,314171,1,7,-0.02
103,314275,1,7,-0.02
103,314378,1,7,-0.02
103,314482,1,7,-0.02
104,314585,1,7,0.6
103,314689,1,7,1.88
103,314793,1,7,3.2
103,314896,1,7,3.98
103,315000,1,7,4.13
103,315103,1,7,1.63
103,315207,1,7,0.28
103,315310,1,7,-0.02
103,315514,1,8,-0.02
103,315617,1,8,-0.02
103,315720,1,8,-0.02
103,315824,1,8,-0.02
103,315927,1,8,-0.02
103,316031,1,8,-0.02
103,316134,1,8,0.04
103,316238,1,8,2.06
103,316341,1,8,3.49
103,316444,1,8,4.2
103,316548,1,8,4.5
103,316651,1,8,4.59
103,316755,1,8,3.08
103,316858,1,8,1.26
103,316962,1,8,0.16
103,317065,1,8,-0.02
103,317268,1,9,-0.02
103,317372,1,9,-0.02
103,317475,1,9,-0.02
103,317579,1,9,-0.02
103,317682,1,9,-0.02
103,317786,1,9,0.87
103,317889,1,9,2.42
103,317992,1,9,3.78
103,318096,1,9,4.33
103,318199,1,9,4.2
103,318303,1,9,1.64
103,318406,1,9,0.29
103,318510,1,9,-0.01
103,318613,1,9,-0.02
103,318817,1,10,-0.01
104,318920,1,10,-0.01
103,319024,1,10,-0.02
103,319128,1,10,-0.02
103,319231,1,10,-0.02
103,319335,1,10,0.27
103,319438,1,10,1.39
103,319542,1,10,3.01
103,319645,1,10,4.03
103,319748,1,10,4.25
103,319852,1,10,2.57
103,319955,1,10,1
103,320059,1,10,0.09
103,320162,1,10,-0.02
103,320266,1,10,-0.01
103,320369,1,10,-0.01
103,320572,1,11,-0.01
103,320676,1,11,-0.01
103,320779,1,11,-0.02
103,320883,1,11,-0.02
103,320986,1,11,-0.02
103,321090,1,11,-0.02
103,321193,1,11,0.03
103,321296,1,11,0.41
103,321400,1,11,3.34
103,321503,1,11,4.05
103,321607,1,11,3.77
103,321710,1,11,2.52
103,321814,1,11,0.84
103,321917,1,11,-0.02
103,322020,1,11,-0.02
103,322224,1,12,-0.02
103,322327,1,12,-0.02
103,322431,1,12,-0.02
103,322534,1,12,-0.02
103,322638,1,12,-0.02
103,322741,1,12,-0.02
103,322844,1,12,-0.02
103,322948,1,12,-0.02
103,323051,1,12,-0.02
103,323155,1,12,0.07
103,323258,1,12,0.7
103,323362,1,12,2.23
103,323465,1,12,3.63
103,323569,1,12,4.04
103,323672,1,12,2.82
103,323775,1,12,1.05
103,323879,1,12,0.11
103,323982,1,12,-0.02
103,324186,1,13,-0.01
103,324289,1,13,-0.01
103,324393,1,13,-0.02
103,324496,1,13,-0.02
103,324599,1,13,-0.02
103,324703,1,13,-0.02
103,324806,1,13,0.07
103,324910,1,13,0.59
103,325013,1,13,1.93
103,325117,1,13,4.27
103,325220,1,13,4.33
103,325323,1,13,3.77
103,325427,1,13,2.64
103,325530,1,13,1
103,325634,1,13,-0.02
103,325737,1,13,-0.02
103,325941,1,14,-0.01
103,326044,1,14,-0.01
103,326147,1,14,-0.02
103,326251,1,14,-0.02
103,326354,1,14,-0.02
103,326458,1,14,-0.02
103,326561,1,14,0.05
103,326665,1,14,1.8
103,326768,1,14,3.22
103,326871,1,14,4.04
103,326975,1,14,4.11
103,327078,1,14,3.52
103,327182,1,14,0.43
103,327285,1,14,-0.01
103,327389,1,14,-0.02
103,327592,1,15,-0.01
103,327696,1,15,-0.01
103,327799,1,15,-0.02
103,327902,1,15,-0.02
103,328006,1,15,-0.02
103,328109,1,15,-0.01
103,328213,1,15,0.11
103,328316,1,15,2.37
103,328420,1,15,3.64
103,328523,1,15,4.32
103,328626,1,15,4.09
103,328730,1,15,2.99
103,328833,1,15,0.24
103,328937,1,15,-0.01
103,329040,1,15,-0.02
103,329244,1,16,-0.01
103,329347,1,16,-0.01
103,329450,1,16,-0.02
103,329554,1,16,-0.02
103,329657,1,16,-0.02
103,329761,1,16,-0.02
103,329864,1,16,0.3
103,329968,1,16,1.42
103,330071,1,16,3.21
103,330174,1,16,4.29
103,330278,1,16,4.28
103,330381,1,16,1.77
103,330485,1,16,0.32
103,330588,1,16,-0.01
103,330692,1,16,-0.02
103,330795,1,16,-0.02
103,330998,1,17,-0.01
103,331102,1,17,-0.01
103,331205,1,17,-0.02
103,331309,1,17,-0.02
103,331412,1,17,-0.01
103,331516,1,17,0.18
103,331619,1,17,1.17
103,331722,1,17,3.13
103,331826,1,17,4.59
103,331929,1,17,3.5
103,332033,1,17,1.75
103,332136,1,17,0.32
103,332240,1,17,-0.01
103,332343,1,17,-0.02
104,332547,1,18,-0.02
103,332651,1,18,-0.02
103,332754,1,18,-0.02
103,332858,1,18,-0.02
103,332961,1,18,-0.02
103,333065,1,18,-0.02
103,333168,1,18,0.01
103,333272,1,18,0.32
103,333375,1,18,1.55
103,333478,1,18,4.44
103,333582,1,18,3.87
103,333685,1,18,2.6
103,333789,1,18,1.06
103,333892,1,18,0.1
103,333996,1,18,-0.02
103,334199,1,19,-0.01
103,334302,1,19,-0.01
103,334406,1,19,-0.02
103,334509,1,19,-0.02
103,334613,1,19,-0.02
103,334716,1,19,0.01
103,334820,1,19,0.23
103,334923,1,19,1.07
103,335026,1,19,2.66
103,335130,1,19,4.73
103,335233,1,19,4.28
103,335337,1,19,3.18
103,335440,1,19,1.62
103,335544,1,19,0.28
103,335647,1,19,-0.02
103,335750,1,19,-0.02
104,335954,1,20,-0.02
103,336058,1,20,-0.02
103,336162,1,20,-0.02
103,336265,1,20,-0.02
103,336369,1,20,-0.02
103,336472,1,20,-0.02
103,336576,1,20,-0.02
103,336679,1,20,-0.01
103,336782,1,20,0.09
103,336886,1,20,0.81
103,336989,1,20,2.71
103,337093,1,20,4.36
103,337196,1,20,4.34
103,337300,1,20,2.71
103,337403,1,20,0.89
102,337506,1,20,0.04
103,337609,1,20,-0.02
103,337712,1,20,-0.02
103,337816,1,20,-0.02
103,337919,1,20,-0.02
103,338123,1,21,-0.02
103,338226,1,21,-0.02
103,338329,1,21,-0.02
103,338433,1,21,-0.02
103,338536,1,21,-0.02
103,338640,1,21,-0.02
103,338743,1,21,0.1
103,338847,1,21,0.67
103,338950,1,21,2.23
103,339053,1,21,3.87
103,339157,1,21,4.81
103,339260,1,21,2.85
103,339364,1,21,0.76
103,339467,1,21,0.02
103,339571,1,21,-0.01
103,339674,1,21,-0.02
103,339877,1,22,-0.01
103,339981,1,22,-0.01
103,340084,1,22,-0.01
103,340188,1,22,-0.02
103,340291,1,22,-0.02
103,340395,1,22,-0.02
103,340498,1,22,-0.02
103,340602,1,22,-0.02
104,340705,1,22,0.09
103,340809,1,22,0.88
103,340913,1,22,4.45
103,341016,1,22,5.13
103,341120,1,22,4.46
103,341223,1,22,2.57
103,341327,1,22,0.62
103,341430,1,22,-0.02
103,341533,1,22,-0.02
103,341637,1,22,-0.02
103,341840,1,23,-0.02
103,341944,1,23,-0.02
103,342047,1,23,-0.02
103,342151,1,23,-0.02
103,342254,1,23,-0.02
103,342357,1,23,-0.01
103,342461,1,23,1.15
103,342564,1,23,2.99
103,342668,1,23,4.61
103,342771,1,23,5.11
103,342875,1,23,3.89
103,342978,1,23,0.21
103,343081,1,23,-0.02
103,343185,1,23,-0.02
103,343388,1,24,-0.01
103,343492,1,24,-0.01
103,343595,1,24,-0.02
103,343699,1,24,-0.02
103,343802,1,24,-0.02
103,343905,1,24,-0.02
103,344009,1,24,0.28
103,344112,1,24,1.5
103,344216,1,24,3.26
103,344319,1,24,4.5
103,344423,1,24,4.97
103,344526,1,24,2.84
103,344630,1,24,0.98
103,344733,1,24,0.07
103,344836,1,24,-0.02
103,344940,1,24,-0.02
103,345143,1,25,-0.01
103,345247,1,25,-0.01
103,345350,1,25,-0.02
103,345454,1,25,-0.02
103,345557,1,25,-0.02
103,345660,1,25,-0.02
103,345764,1,25,0.02
103,345867,1,25,0.32
103,345971,1,25,1.42
103,346074,1,25,4.36
103,346178,1,25,4.42
103,346281,1,25,3.56
103,346384,1,25,1.96
103,346488,1,25,0.43
103,346591,1,25,-0.01
103,346695,1,25,-0.01
103,346898,1,26,-0.01
103,347002,1,26,-0.01
103,347105,1,26,-0.02
103,347208,1,26,-0.02
103,347312,1,26,-0.02
103,347415,1,26,-0.02
103,347519,1,26,-0.01
103,347622,1,26,0.07
103,347726,1,26,1.94
104,347829,1,26,3.88
103,347933,1,26,5.09
103,348037,1,26,5.12
103,348140,1,26,4.04
103,348244,1,26,0.62
103,348347,1,26,0.01
103,348451,1,26,-0.02
103,348554,1,26,-0.02
103,348758,1,27,-0.02
103,348861,1,27,-0.02
103,348964,1,27,-0.02
103,349068,1,27,-0.02
103,349171,1,27,-0.02
103,349275,1,27,-0.02
103,349378,1,27,-0.02
103,349482,1,27,-0.02
103,349585,1,27,-0.02
103,349688,1,27,-0.02
103,349792,1,27,1.11
103,349895,1,27,2.9
103,349999,1,27,4.28
103,350102,1,27,4.53
103,350206,1,27,3.43
103,350309,1,27,0.17
103,350412,1,27,-0.02
103,350516,1,27,-0.02
103,350719,1,28,-0.02
103,350823,1,28,-0.02
103,350926,1,28,-0.02
103,351030,1,28,-0.02
103,351133,1,28,-0.02
103,351236,1,28,-0.02
103,351340,1,28,0.1
103,351443,1,28,0.75
103,351547,1,28,2.32
103,351650,1,28,3.99
103,351754,1,28,4.71
103,351857,1,28,3.49
103,351960,1,28,2.31
103,352064,1,28,0.91
103,352167,1,28,0.08
103,352271,1,28,-0.02
103,352474,1,29,-0.02
103,352578,1,29,-0.02
103,352681,1,29,-0.02
103,352784,1,29,-0.02
103,352888,1,29,-0.02
103,352991,1,29,-0.02
103,353095,1,29,0.06
103,353198,1,29,0.58
103,353302,1,29,1.77
103,353405,1,29,3.05
103,353509,1,29,3.45
103,353612,1,29,2.32
103,353715,1,29,1.33
103,353819,1,29,0.35
104,353922,1,29,-0.01
103,354027,1,29,-0.01
103,354130,1,29,-0.01
103,354234,1,29,-0.01
103,354337,1,29,-0.01
103,354440,1,29,-0.01
103,354644,1,30,-0.01
103,354747,1,30,-0.01
103,354851,1,30,-0.02
103,354954,1,30,-0.03
103,355058,1,30,-0.02
103,355161,1,30,0.03
104,355264,1,30,0.38
103,355369,1,30,1.53
103,355472,1,30,2.99
103,355576,1,30,3.55
103,355679,1,30,2.49
103,355783,1,30,1.17
103,355886,1,30,0.2
103,355989,1,30,-0.01
104,356093,1,30,-0.02
103,356297,1,31,-0.01
103,356401,1,31,-0.02
103,356504,1,31,-0.02
103,356608,1,31,-0.02
103,356711,1,31,-0.02
103,356814,1,31,0.03
103,356918,1,31,0.33
103,357021,1,31,1.47
103,357125,1,31,3.97
103,357228,1,31,3.71
103,357332,1,31,2.43
103,357435,1,31,0.88
103,357539,1,31,0.07
103,357642,1,31,-0.01
103,357745,1,31,-0.02
103,357949,1,32,-0.01
103,358052,1,32,-0.01
103,358156,1,32,-0.02
103,358259,1,32,-0.02
103,358363,1,32,-0.02
103,358466,1,32,-0.02
103,358569,1,32,0.04
103,358673,1,32,1.64
103,358776,1,32,3.03
103,358880,1,32,3.95
103,358983,1,32,3.68
103,359087,1,32,2.51
103,359190,1,32,0.22
103,359293,1,32,-0.01
103,359397,1,32,-0.02
103,359500,1,32,-0.02
103,359704,1,33,-0.02
103,359807,1,33,-0.02
103,359911,1,33,-0.02
103,360014,1,33,-0.02
103,360117,1,33,-0.02
103,360221,1,33,-0.02
103,360324,1,33,-0.02
103,360428,1,33,-0.02
103,360531,1,33,0.02
103,360635,1,33,0.25
103,360738,1,33,1.36
103,360841,1,33,4.09
103,360945,1,33,4.21
103,361048,1,33,3.09
103,361152,1,33,1.36
103,361255,1,33,0.17
103,361359,1,33,-0.02
103,361562,1,34,-0.02
103,361665,1,34,-0.02
103,361769,1,34,-0.02
103,361872,1,34,-0.02
103,361976,1,34,-0.02
103,362079,1,34,-0.02
103,362183,1,34,-0.02
103,362286,1,34,-0.02
103,362389,1,34,0.03
103,362493,1,34,0.22
103,362596,1,34,0.86
103,362700,1,34,2.37
103,362803,1,34,3.49
103,362907,1,34,1.43
103,363010,1,34,0.31
103,363114,1,34,-0.01
103,363217,1,34,-0.02
103,363320,1,34,-0.01
103,363424,1,34,-0.01
103,363627,1,35,-0.01
103,363731,1,35,-0.01
103,363834,1,35,-0.02
103,363938,1,35,-0.02
103,364041,1,35,-0.02
103,364144,1,35,0.03
103,364248,1,35,0.44
103,364351,1,35,1.79
103,364455,1,35,4.69
103,364558,1,35,5.2
103,364662,1,35,5.05
103,364765,1,35,4.23
103,364868,1,35,2.65
103,364972,1,35,0.04
103,365075,1,35,-0.02
103,365179,1,35,-0.02
103,365382,1,36,-0.02
103,365486,1,36,-0.02
103,365589,1,36,-0.02
103,365692,1,36,-0.02
103,365796,1,36,-0.02
103,365899,1,36,-0.02
103,366003,1,36,-0.01
103,366106,1,36,0.98
103,366210,1,36,2.75
103,366313,1,36,4.36
103,366417,1,36,5.2
103,366520,1,36,5.02
103,366623,1,36,1.72
103,366727,1,36,0.36
103,366830,1,36,-0.01
103,366934,1,36,-0.02
103,367137,1,37,-0.02
104,367241,1,37,-0.02
103,367345,1,37,-0.02
103,367448,1,37,-0.02
103,367552,1,37,-0.02
103,367655,1,37,-0.02
103,367759,1,37,-0.02
103,367862,1,37,-0.02
103,367966,1,37,0.04
103,368069,1,37,0.49
103,368172,1,37,3.49
103,368276,1,37,4.44
103,368379,1,37,4.32
103,368483,1,37,3.44
103,368586,1,37,2.07
103,368690,1,37,0.01
103,368793,1,37,-0.02
103,368896,1,37,-0.02
103,369100,1,38,-0.02
103,369203,1,38,-0.02
103,369307,1,38,-0.02
103,369410,1,38,-0.02
103,369514,1,38,-0.02
103,369617,1,38,-0.02
103,369720,1,38,-0.01
103,369824,1,38,0.14
103,369927,1,38,0.94
103,370031,1,38,2.6
103,370134,1,38,4.17
103,370238,1,38,3.69
103,370341,1,38,1.86
103,370444,1,38,0.34
103,370548,1,38,-0.01
103,370651,1,38,-0.02
103,370755,1,38,-0.01
103,370958,1,39,-0.01
103,371062,1,39,-0.01
103,371165,1,39,-0.02
103,371269,1,39,-0.02
103,371372,1,39,-0.02
103,371475,1,39,0.02
103,371579,1,39,0.37
103,371682,1,39,1.62
103,371786,1,39,4.56
103,371889,1,39,5
103,371993,1,39,4.07
103,372096,1,39,2.14
103,372199,1,39,0.43
103,372303,1,39,-0.02
103,372406,1,39,-0.02
103,372510,1,39,-0.02
103,372613,1,39,-0.02
103,372817,1,40,-0.02
103,372920,1,40,-0.02
103,373023,1,40,-0.02
103,373127,1,40,-0.02
103,373230,1,40,-0.02
103,373334,1,40,-0.02
103,373437,1,40,-0.01
103,373541,1,40,0.09
103,373644,1,40,0.68
103,373747,1,40,2.05
103,373851,1,40,3.66
103,373954,1,40,4.56
103,374058,1,40,3.45
103,374161,1,40,1.79
103,374265,1,40,0.44
103,374368,1,40,0
103,374471,1,40,-0.02
103,374675,1,41,-0.02
103,374778,1,41,-0.02
103,374882,1,41,-0.02
103,374985,1,41,-0.02
103,375089,1,41,-0.02
103,375192,1,41,0.01
103,375295,1,41,0.28
103,375399,1,41,1.39
103,375502,1,41,4.44
103,375606,1,41,4.63
103,375709,1,41,3.72
103,375813,1,41,1.94
103,375916,1,41,0.4
103,376020,1,41,-0.02
103,376123,1,41,-0.01
103,376326,1,42,-0.01
103,376430,1,42,-0.01
103,376533,1,42,-0.02
103,376637,1,42,-0.02
103,376740,1,42,-0.02
103,376844,1,42,-0.02
103,376947,1,42,0.01
103,377050,1,42,1.44
103,377154,1,42,3.2
103,377257,1,42,4.46
103,377361,1,42,4.62
103,377464,1,42,3.36
103,377568,1,42,0.3
103,377671,1,42,-0.01
103,377774,1,42,-0.02
103,377878,1,42,-0.02
103,378081,1,43,-0.02
103,378185,1,43,-0.02
103,378288,1,43,-0.02
103,378392,1,43,-0.02
103,378495,1,43,-0.02
103,378598,1,43,-0.01
103,378702,1,43,0.49
103,378805,1,43,1.67
103,378909,1,43,3.22
103,379012,1,43,4.2
103,379116,1,43,4.31
103,379219,1,43,2.13
103,379322,1,43,0.64
103,379426,1,43,0.03
103,379529,1,43,-0.02
103,379633,1,43,-0.02
103,379736,1,43,-0.01
103,379940,1,44,-0.01
103,380043,1,44,-0.01
103,380146,1,44,-0.02
103,380250,1,44,-0.02
103,380353,1,44,-0.02
103,380457,1,44,0
103,380560,1,44,0.2
103,380664,1,44,1
103,380767,1,44,3.93
103,380870,1,44,4.48
103,380974,1,44,3.43
103,381077,1,44,1.77
103,381181,1,44,0.39
103,381284,1,44,-0.02
103,381388,1,44,-0.01
103,381491,1,44,-0.01
103,381695,1,45,-0.01
103,381798,1,45,-0.01
103,381901,1,45,-0.02
103,382005,1,45,-0.02
103,382108,1,45,-0.02
103,382212,1,45,-0.02
103,382315,1,45,0.31
103,382419,1,45,1.41
103,382522,1,45,3.07
103,382625,1,45,4.41
103,382729,1,45,4.27
103,382832,1,45,0.95
103,382936,1,45,0.08
103,383039,1,45,-0.02
103,383143,1,45,-0.01
103,383346,1,46,-0.01
103,383449,1,46,-0.01
103,383553,1,46,-0.01
103,383656,1,46,-0.01
103,383760,1,46,-0.01
103,383863,1,46,-0.01
103,383967,1,46,-0.01
103,384070,1,46,-0.01
103,384173,1,46,0
103,384277,1,46,0.03
103,384380,1,46,0.05
103,384484,1,46,0.06
103,384587,1,46,0.02
103,384691,1,46,0
103,384794,1,46,0
103,384897,1,46,0
103,385001,1,46,0.04
103,385104,1,46,0.04
103,385208,1,46,0.05
103,385311,1,46,0.09
103,385415,1,46,0.11
103,385518,1,46,0.2
103,385621,1,46,0.2
103,385725,1,46,0.16
103,385828,1,46,0.1
103,385932,1,46,0.04
103,386035,1,46,-0.01
103,386139,1,46,-0.01
103,386242,1,46,-0.01
103,386345,1,46,-0.01
103,386449,1,46,-0.02
103,386552,1,46,-0.02
103,386656,1,46,-0.02
103,386759,1,46,0.05
103,386863,1,46,0.33
103,386966,1,46,0.97
103,387069,1,46,3.41
103,387173,1,46,4.1
103,387276,1,46,4.29
103,387380,1,46,4.15
103,387483,1,46,3.53
103,387587,1,46,0.4
103,387690,1,46,-0.01
103,387794,1,46,-0.02
103,387897,1,46,-0.01
103,388000,1,46,-0.01
103,388204,1,47,-0.01
103,388307,1,47,-0.01
103,388411,1,47,-0.02
103,388514,1,47,-0.02
103,388618,1,47,-0.02
103,388721,1,47,-0.02
103,388824,1,47,-0.01
103,388928,1,47,0.03
103,389031,1,47,0.34
103,389135,1,47,2.77
103,389238,1,47,3.85
103,389342,1,47,4.36
103,389445,1,47,3.89
103,389548,1,47,2.37
103,389652,1,47,0.06
103,389755,1,47,-0.01
103,389859,1,47,-0.01
103,389962,1,47,-0.01
103,390066,1,47,-0.01
103,390269,1,48,-0.01
103,390372,1,48,-0.01
103,390476,1,48,-0.02
103,390579,1,48,-0.02
103,390683,1,48,-0.02
103,390786,1,48,0.02
103,390890,1,48,0.23
103,390993,1,48,0.83
103,391096,1,48,1.9
104,391200,1,48,4.18
103,391304,1,48,4.1
103,391408,1,48,2.84
103,391511,1,48,1.13
103,391615,1,48,0.15
103,391718,1,48,-0.02
103,391821,1,48,-0.01
103,392025,1,49,-0.01
103,392128,1,49,-0.01
103,392232,1,49,-0.02
103,392335,1,49,-0.02
104,392439,1,49,-0.02
103,392543,1,49,-0.02
103,392646,1,49,-0.02
103,392750,1,49,-0.01
103,392853,1,49,0.04
103,392957,1,49,0.15
103,393060,1,49,0.47
103,393164,1,49,1.19
103,393267,1,49,2.36
103,393371,1,49,4.61
103,393474,1,49,4.81
103,393577,1,49,4.45
103,393681,1,49,3.44
103,393784,1,49,1.71
103,393888,1,49,-0.02
103,393991,1,49,-0.02
103,394095,1,49,-0.02
103,394298,1,50,-0.02
103,394401,1,50,-0.02
103,394505,1,50,-0.02
103,394608,1,50,-0.02
103,394712,1,50,-0.02
103,394815,1,50,-0.02
103,394919,1,50,-0.02
103,395022,1,50,-0.02
103,395125,1,50,-0.02
103,395229,1,50,-0.02
103,395332,1,50,-0.02
103,395436,1,50,0.04
103,395539,1,50,0.4
103,395643,1,50,1.6
103,395746,1,50,3.05
103,395850,1,50,3.94
103,395953,1,50,4.27
103,396056,1,50,3.02
103,396160,1,50,1.37
103,396263,1,50,0.2
103,396367,1,50,-0.02
103,396470,1,50,-0.01
103,396574,1,50,-0.01
103,396677,1,50,-0.01
103,396780,1,50,-0.01
103,396884,1,50,-0.01
103,396987,1,50,-0.01
103,397091,1,50,-0.01
103,397194,1,50,-0.01
103,397298,1,50,-0.01
103,397401,1,50,-0.01
103,397504,1,50,-0.01
103,397608,1,50,-0.01
103,397711,1,50,-0.01
103,397815,1,50,-0.01
103,397918,1,50,-0.01
103,398022,1,50,-0.01
103,398125,1,50,-0.01
103,398229,1,50,-0.01
103,398332,1,50,-0.01
103,398435,1,50,-0.01
103,398539,1,50,-0.01
103,398642,1,50,-0.01
103,398746,1,50,-0.01
103,398849,1,50,-0.01
103,398953,1,50,-0.01
103,399056,1,50,-0.02
103,399159,1,50,-0.02
103,399263,1,50,-0.03
103,399366,1,50,-0.03
103,399470,1,50,-0.03
103,399573,1,50,-0.03
103,399677,1,50,-0.02
104,399780,1,50,-0.02
103,399884,1,50,-0.02
103,399988,1,50,-0.01
103,400091,1,50,-0.02
103,400195,1,50,-0.02
103,400298,1,50,-0.02
103,400402,1,50,-0.02
103,400505,1,50,-0.02
